{
    "classification_metrics": {
        "Logistic Regression": {
            "f1_score": 0.32542009295673935,
            "precision": 0.20822657393850658,
            "recall": 0.7443572129538764,
            "accuracy": 0.7491557871786009,
            "classification_report": {
                "0": {
                    "precision": 0.9707094936471646,
                    "recall": 0.7495803426719148,
                    "f1-score": 0.8459327486812667,
                    "support": 69104.0
                },
                "1": {
                    "precision": 0.20822657393850658,
                    "recall": 0.7443572129538764,
                    "f1-score": 0.32542009295673935,
                    "support": 6114.0
                },
                "accuracy": 0.7491557871786009,
                "macro avg": {
                    "precision": 0.5894680337928356,
                    "recall": 0.7469687778128955,
                    "f1-score": 0.5856764208190031,
                    "support": 75218.0
                },
                "weighted avg": {
                    "precision": 0.9087320338489949,
                    "recall": 0.7491557871786009,
                    "f1-score": 0.8036235357654784,
                    "support": 75218.0
                }
            },
            "confusion_matrix": [
                [
                    51799,
                    17305
                ],
                [
                    1563,
                    4551
                ]
            ]
        },
        "Decision Tree Classifier": {
            "f1_score": 0.21694915254237288,
            "precision": 0.194039478776932,
            "recall": 0.24599280340202814,
            "accuracy": 0.8556595495758994,
            "classification_report": {
                "0": {
                    "precision": 0.9316702980716498,
                    "recall": 0.9096000231535077,
                    "f1-score": 0.920502888607391,
                    "support": 69104.0
                },
                "1": {
                    "precision": 0.194039478776932,
                    "recall": 0.24599280340202814,
                    "f1-score": 0.21694915254237288,
                    "support": 6114.0
                },
                "accuracy": 0.8556595495758994,
                "macro avg": {
                    "precision": 0.5628548884242909,
                    "recall": 0.577796413277768,
                    "f1-score": 0.568726020574882,
                    "support": 75218.0
                },
                "weighted avg": {
                    "precision": 0.8717129098245825,
                    "recall": 0.8556595495758994,
                    "f1-score": 0.8633154129725493,
                    "support": 75218.0
                }
            },
            "confusion_matrix": [
                [
                    62857,
                    6247
                ],
                [
                    4610,
                    1504
                ]
            ]
        }
    },
    "regression_metrics": {
        "Linear Regression": {
            "mse": 0.00708970300910993,
            "r2": 0.3998973033674571
        },
        "Decision Tree Regressor": {
            "mse": 0.012147489126970595,
            "r2": -0.028215282507966677
        },
        "LSTM Regressor": {
            "mse": 0.006295596558688402,
            "r2": 0.46711385978722786
        }
    },
    "rouge_scores": [
        {
            "model": "Logistic Regression",
            "rouge1": 0.2249808252059979,
            "rouge2": 0.1056529909271883,
            "rougeL": 0.15278652343976618
        },
        {
            "model": "Decision Tree Classifier",
            "rouge1": 0.3897220414092884,
            "rouge2": 0.20157467695785788,
            "rougeL": 0.2754684911263965
        },
        {
            "model": "Linear Regression",
            "rouge1": 0.30289077696431593,
            "rouge2": 0.10888339147774843,
            "rougeL": 0.1812895060198239
        },
        {
            "model": "Decision Tree Regressor",
            "rouge1": 0.4328169777517529,
            "rouge2": 0.21383481793802295,
            "rougeL": 0.26963711039552074
        },
        {
            "model": "LSTM Regressor",
            "rouge1": 0.3409572604782139,
            "rouge2": 0.1352222114556539,
            "rougeL": 0.2029402294711597
        }
    ]
}